{"sections":{"video_banner_cXcAxa":{"type":"video-banner","blocks":{"subheading_N7bhdy":{"type":"subheading","settings":{"subheading_text":"NEVER STEP BACK!"}},"heading_WhCF7p":{"type":"heading","settings":{"heading_text":"Your Fashion Story Start Here","desktop_width":1000,"mobile_width":400,"desktop_heading_size":84,"mobile_heading_size":32,"h1_heading":false}},"text_QMVKi4":{"type":"text","settings":{"text_content":"<p>UP TO 70% OFF<\/p>"}},"button_ehN4FT":{"type":"button","settings":{"button_text":"SHOP NOW","button_link":"shopify:\/\/collections\/all","button_text_color":"#ffffff","button_bg_color":"#000000","button_bg_hover":"#232323","button_radius":0,"font_weight":false,"font_size":15}}},"block_order":["subheading_N7bhdy","heading_WhCF7p","text_QMVKi4","button_ehN4FT"],"name":"Video Banner","settings":{"video":"shopify:\/\/files\/videos\/6474633-uhd_4096_2160_25fps.mp4","video_url":"","video-alt":"","content_position":"middle-center","desktop_height":600,"mobile_height":500}},"video_slider_GnwTgg":{"type":"video-slider","blocks":{"custom_block_NHbNHP":{"type":"custom_block","settings":{"collection_video":"shopify:\/\/files\/videos\/Gulbahar Red Gown With Dupatta.mp4","collection_url":"shopify:\/\/collections\/women","collection_text":""}},"custom_block_mxz43L":{"type":"custom_block","settings":{"collection_video":"shopify:\/\/files\/videos\/Simple Hasina Anarkali Set.mp4","collection_url":"shopify:\/\/collections\/women","collection_text":""}},"custom_block_bUhC7f":{"type":"custom_block","settings":{"collection_video":"shopify:\/\/files\/videos\/Zara Mist Palazzo Set.mp4","collection_url":"shopify:\/\/collections\/women","collection_text":""}},"custom_block_TdiTjP":{"type":"custom_block","settings":{"collection_video":"shopify:\/\/files\/videos\/sharara.mp4","collection_url":"shopify:\/\/collections\/women","collection_text":""}},"custom_block_k6Uqk8":{"type":"custom_block","settings":{"collection_video":"shopify:\/\/files\/videos\/suitsalwar.mp4","collection_url":"shopify:\/\/collections\/women","collection_text":""}},"custom_block_MbbcHK":{"type":"custom_block","settings":{"collection_video":"shopify:\/\/files\/videos\/216972.mp4","collection_url":"shopify:\/\/collections\/women","collection_text":""}},"custom_block_6QRkLX":{"type":"custom_block","settings":{"collection_video":"shopify:\/\/files\/videos\/216973.mp4","collection_url":"shopify:\/\/collections\/women","collection_text":""}}},"block_order":["custom_block_NHbNHP","custom_block_mxz43L","custom_block_bUhC7f","custom_block_TdiTjP","custom_block_k6Uqk8","custom_block_MbbcHK","custom_block_6QRkLX"],"name":"Video Slider","settings":{"heading":"View & Shop"}},"collection_list_ggdnFT":{"type":"collection-list","blocks":{"featured_collection_BnkXCw":{"type":"featured_collection","settings":{"collection":"men"}},"featured_collection_iJEa9A":{"type":"featured_collection","settings":{"collection":"women"}},"featured_collection_rEJrmU":{"type":"featured_collection","settings":{"collection":"kids"}},"featured_collection_Xrcay9":{"type":"featured_collection","settings":{"collection":"accessories"}}},"block_order":["featured_collection_BnkXCw","featured_collection_iJEa9A","featured_collection_rEJrmU","featured_collection_Xrcay9"],"name":"t:sections.collection-list.presets.name","settings":{"title":"<strong>Collections<\/strong>","heading_size":"h1","image_ratio":"portrait","columns_desktop":4,"color_scheme":"scheme-1","show_view_all":true,"columns_mobile":"2","swipe_on_mobile":true,"padding_top":36,"padding_bottom":36}},"marquee_eFkrxd":{"type":"marquee","blocks":{"text_RaeypC":{"type":"text","settings":{"new_text":"⭐ Best Quality Products"}},"text_4ta9PW":{"type":"text","settings":{"new_text":"💳 100% Secure Payment"}},"text_REQqhp":{"type":"text","settings":{"new_text":"🌍 Free Worldwide Shipping\/Delivery Most Purchases"}}},"block_order":["text_RaeypC","text_4ta9PW","text_REQqhp"],"name":"Marquee","settings":{"colorBackground":"#f3f3f3","colorText":"#121212","link":"","marquee_height":50,"font_size":26}},"featured_collection":{"type":"featured-collection","settings":{"collection":"all","products_to_show":8,"title":"<strong>Latest Collection<\/strong>","heading_size":"h2","description":"","show_description":false,"description_style":"uppercase","columns_desktop":4,"enable_desktop_slider":true,"full_width":true,"show_view_all":true,"view_all_style":"solid","color_scheme":"scheme-1","image_ratio":"portrait","image_shape":"default","show_secondary_image":true,"show_vendor":true,"show_rating":true,"quick_add":"none","columns_mobile":"2","swipe_on_mobile":true,"padding_top":44,"padding_bottom":36}},"image_banner":{"type":"image-banner","blocks":{"heading":{"type":"heading","settings":{"heading":"Browse Our Latest Products","heading_size":"h0"}},"button":{"type":"buttons","settings":{"button_label_1":"SHOP ALL","button_link_1":"shopify:\/\/collections\/all","button_style_secondary_1":true,"button_label_2":"","button_link_2":"","button_style_secondary_2":false}}},"block_order":["heading","button"],"settings":{"image":"shopify:\/\/shop_images\/footer-bgs.jpg","image_overlay_opacity":40,"image_height":"small","image_behavior":"none","desktop_content_position":"bottom-center","desktop_content_alignment":"center","show_text_box":false,"color_scheme":"scheme-3","stack_images_on_mobile":false,"mobile_content_alignment":"center","show_text_below":false}}},"order":["video_banner_cXcAxa","video_slider_GnwTgg","collection_list_ggdnFT","marquee_eFkrxd","featured_collection","image_banner"]}