{"sections":{"main":{"type":"main-page","disabled":true,"settings":{"padding_top":28,"padding_bottom":28}},"rich_text_3TnqeM":{"type":"rich-text","blocks":{"heading_YN4AJw":{"type":"heading","settings":{"heading":"<strong>Feedback<\/strong>","heading_size":"h1"}},"text_ibDDcc":{"type":"text","settings":{"text":"<p><em>Share Your Feedback With WZ Team<\/em><\/p>"}},"button_kcTd4a":{"type":"button","disabled":true,"settings":{"button_label":"Button label","button_link":"","button_style_secondary":false,"button_label_2":"","button_link_2":"","button_style_secondary_2":false}}},"block_order":["heading_YN4AJw","text_ibDDcc","button_kcTd4a"],"name":"t:sections.rich-text.presets.name","settings":{"desktop_content_position":"center","content_alignment":"center","color_scheme":"","full_width":true,"padding_top":40,"padding_bottom":52}},"custom_liquid_UKQxrj":{"type":"custom-liquid","name":"t:sections.custom-liquid.presets.name","settings":{"custom_liquid":"<style>\n  .feedback-form {\n    max-width: 600px;\n    margin: 0 auto;\n    padding: 20px 25px;\n    background: #fff;\n    border-radius: 16px;\n    box-shadow: 0 4px 15px rgba(0,0,0,0.1);\n    font-family: inherit;\n    font-size: 17px;\n  }\n\n  \/* Added margin-left and margin-right *\/\n  #feedback-form-container {\n    margin-left: 10px;\n    margin-right: 10px;\n  }\n\n  .feedback-form h2 {\n    text-align: center;\n    font-size: 22px;\n    margin-bottom: 15px;\n    color: #111;\n  }\n\n  .feedback-form p {\n    text-align: center;\n    color: #666;\n    margin-bottom: 25px;\n    font-size: 17px;\n  }\n\n  .feedback-form input,\n  .feedback-form textarea,\n  .feedback-form select {\n    width: 100%;\n    padding: 14px 16px;\n    border: 1px solid #ccc;\n    border-radius: 8px;\n    margin-bottom: 15px;\n    font-size: 17px;\n  }\n\n  .feedback-form button {\n    width: 100%;\n    padding: 14px;\n    background: #111;\n    color: #fff;\n    border: none;\n    border-radius: 8px;\n    font-size: 17px;\n    cursor: pointer;\n    transition: background 0.3s ease;\n  }\n\n  .feedback-form button:hover {\n    background: #848484;\n  }\n\n  .feedback-success {\n    text-align: center;\n    background: #e8f9f0;\n    border: 1px solid #a3e4b0;\n    color: #2c662d;\n    padding: 15px;\n    border-radius: 8px;\n    margin-bottom: 20px;\n    font-size: 17px;\n    display: none;\n  }\n\n  @media (max-width: 768px) {\n    .feedback-form { padding: 15px; }\n  }\n<\/style>\n\n<div id=\"feedback-form-container\">\n  {% if form.posted_successfully? %}\n    <div class=\"feedback-success\" style=\"display:block;\">\n      Thank you! Your feedback has been successfully submitted.\n    <\/div>\n  {% endif %}\n\n  <form class=\"feedback-form\" method=\"post\" action=\"\/contact#feedback-form\">\n    <h2>We’d Love Your Feedback<\/h2>\n    <p>Your thoughts help us improve our wowzak store.<\/p>\n\n    <input type=\"hidden\" name=\"form_type\" value=\"contact\">\n    <input type=\"hidden\" name=\"utf8\" value=\"✓\">\n\n    <input type=\"text\" name=\"contact[name]\" placeholder=\"Your Name\" required>\n    <input type=\"email\" name=\"contact[email]\" placeholder=\"Your Email\" required>\n\n    <select name=\"contact[rating]\" required>\n      <option value=\"\">Rate the quality of service provided<\/option>\n      <option value=\"5\">⭐⭐⭐⭐⭐ Excellent<\/option>\n      <option value=\"4\">⭐⭐⭐⭐ Good<\/option>\n      <option value=\"3\">⭐⭐⭐ Average<\/option>\n      <option value=\"2\">⭐⭐ Poor<\/option>\n      <option value=\"1\">⭐ Very Poor<\/option>\n    <\/select>\n\n    <textarea name=\"contact[body]\" rows=\"4\" placeholder=\"Share your feedback...\" required><\/textarea>\n\n    <button type=\"submit\">Submit Feedback<\/button>\n  <\/form>\n<\/div>","color_scheme":"","padding_top":40,"padding_bottom":52}}},"order":["main","rich_text_3TnqeM","custom_liquid_UKQxrj"]}