{"sections":{"main":{"type":"main-page","disabled":true,"settings":{"padding_top":28,"padding_bottom":28}},"rich_text_6UfEn8":{"type":"rich-text","blocks":{"heading_aip6AJ":{"type":"heading","settings":{"heading":"<strong>Track Your Order's<\/strong>","heading_size":"h1"}},"text_XjTeyJ":{"type":"text","settings":{"text":"<p>📦 <em>Once your order is confirmed, an official confirmation email containing the order details will be issued.<\/em><\/p>"}},"button_bjYXjr":{"type":"button","disabled":true,"settings":{"button_label":"Button label","button_link":"","button_style_secondary":false,"button_label_2":"","button_link_2":"","button_style_secondary_2":false}}},"block_order":["heading_aip6AJ","text_XjTeyJ","button_bjYXjr"],"name":"t:sections.rich-text.presets.name","settings":{"desktop_content_position":"center","content_alignment":"center","color_scheme":"","full_width":true,"padding_top":40,"padding_bottom":52}}},"order":["main","rich_text_6UfEn8"]}