{"sections":{"main":{"type":"main-page","disabled":true,"settings":{"padding_top":28,"padding_bottom":28}},"collapsible_content_37GtpD":{"type":"collapsible-content","blocks":{"collapsible_row_WDx8mT":{"type":"collapsible_row","settings":{"heading":"How long will it take for my order to reach me?","icon":"check_mark","row_content":"<p>Delivery typically takes <strong>3–7 working days<\/strong> depending on your location. Express Shipping is also available.<\/p>","page":""}},"collapsible_row_wXEmEE":{"type":"collapsible_row","settings":{"heading":"How do I cancel my order?","icon":"check_mark","row_content":"<p>Orders once placed <strong>cannot be cancelled<\/strong>. However, if your order has <strong>not been shipped yet<\/strong>, we can provide you with a <strong>store credit of the same value<\/strong>, which can be used for future purchases on our website.<\/p><p>To request store credit, please reach out to our support team at <a><strong>support@wowzak.in<\/strong><\/a><\/p>","page":""}},"collapsible_row_f6Rrnb":{"type":"collapsible_row","settings":{"heading":"I have created a Return request. When will I get a refund?","icon":"check_mark","row_content":"<p>Your refund amount will be credited to your wallet. The refund process will be initiated once we received the product(s), please read the return and replacement policy carefully.<\/p>","page":""}},"collapsible_row_pzTjYA":{"type":"collapsible_row","settings":{"heading":"How Can i use my store Credit ?","icon":"check_mark","row_content":"<p>We issue <strong>store credits only on your registered email ID<\/strong>. Here’s how to use your store credit for your next order:<\/p><ul><li><strong>Check your email<\/strong> for a message from us containing your <strong>store credit coupon code<\/strong><\/li><li>For your next purchase, you <strong>must log in using the same email ID<\/strong> you used earlier<\/li><\/ul><ol><li>.Go to our website and continue to checkout.<\/li><li>Enter your email address and verify it using the <strong>6-digit OTP<\/strong> sent to your inbox.<\/li><li>Note: Creating a full account\/profile is not necessary, but logging in with your email is required to apply the credit.<\/li><\/ol><ul><li>During checkout, you will see a <strong>coupon code option<\/strong>.<\/li><li><strong>Copy-paste the coupon code<\/strong> sent to your email into that field to redeem your store credit.<\/li><\/ul><p>If you haven’t registered your email earlier or cannot access your store credit, please contact us at<br\/><br\/>📧exchange.returns@wowzak.in<\/p>","page":""}}},"block_order":["collapsible_row_WDx8mT","collapsible_row_wXEmEE","collapsible_row_f6Rrnb","collapsible_row_pzTjYA"],"name":"t:sections.collapsible_content.presets.name","settings":{"caption":"","heading":"<strong>FAQs<\/strong>","heading_size":"h1","heading_alignment":"center","layout":"none","container_color_scheme":"","color_scheme":"","open_first_collapsible_row":false,"image_ratio":"adapt","desktop_layout":"image_second","padding_top":36,"padding_bottom":36}}},"order":["main","collapsible_content_37GtpD"]}