{"sections":{"main":{"type":"main-page","settings":{"padding_top":28,"padding_bottom":28}},"collapsible_content_XRryNw":{"type":"collapsible-content","blocks":{"collapsible_row_3MMFjF":{"type":"collapsible_row","settings":{"heading":"Collapsible row","icon":"check_mark","row_content":"","page":""}},"collapsible_row_VJKweQ":{"type":"collapsible_row","settings":{"heading":"Collapsible row","icon":"check_mark","row_content":"","page":""}},"collapsible_row_JPwWVz":{"type":"collapsible_row","settings":{"heading":"Collapsible row","icon":"check_mark","row_content":"","page":""}},"collapsible_row_Yt6PTC":{"type":"collapsible_row","settings":{"heading":"Collapsible row","icon":"check_mark","row_content":"","page":""}}},"block_order":["collapsible_row_3MMFjF","collapsible_row_VJKweQ","collapsible_row_JPwWVz","collapsible_row_Yt6PTC"],"name":"t:sections.collapsible_content.presets.name","settings":{"caption":"","heading":"Collapsible content","heading_size":"h1","heading_alignment":"center","layout":"none","container_color_scheme":"","color_scheme":"","open_first_collapsible_row":false,"image_ratio":"adapt","desktop_layout":"image_second","padding_top":36,"padding_bottom":36}}},"order":["main","collapsible_content_XRryNw"]}