{"sections":{"main":{"type":"main-product","blocks":{"vendor":{"type":"text","settings":{"text":"{{ product.vendor }}","text_style":"uppercase"}},"title":{"type":"title","settings":{}},"price":{"type":"price","settings":{}},"variant_picker":{"type":"variant_picker","settings":{"picker_type":"button","swatch_shape":"circle"}},"quantity_selector":{"type":"quantity_selector","settings":{}},"buy_buttons":{"type":"buy_buttons","settings":{"show_dynamic_checkout":true,"show_gift_card_recipient":true}},"custom_liquid_UQKpaM":{"type":"custom_liquid","settings":{"custom_liquid":"<style>\n.icon-list-custom{max-width: 44rem;}\n.icon-list-custom {\n  display: flex;\n  flex-wrap: wrap;\n  list-style: none;\n  justify-content: center;\n  gap: 8px;\n  padding: 0;\n  margin: 0;\n  margin-top: -1rem;\n}\n<\/style>\n\n<ul class=\"icon-list-custom\" role=\"list\">\n  {% assign enabled_payment_types = 'visa,maestro,master,paypal,upi, netbanking' | remove: ' ' | split: ',' %}\n\n  {% for type in enabled_payment_types %}\n    <li>\n      {{ type | payment_type_svg_tag: class: 'icon-svg' }}\n    <\/li>\n  {% endfor %}\n<\/ul>"}},"description":{"type":"description","settings":{}},"share":{"type":"share","settings":{"share_label":"Share"}}},"block_order":["vendor","title","price","variant_picker","quantity_selector","buy_buttons","custom_liquid_UQKpaM","description","share"],"settings":{"enable_sticky_info":true,"color_scheme":"scheme-1","media_size":"small","constrain_to_viewport":true,"media_fit":"contain","gallery_layout":"thumbnail_slider","mobile_thumbnails":"hide","media_position":"left","image_zoom":"hover","hide_variants":true,"enable_video_looping":false,"padding_top":36,"padding_bottom":12}},"related-products":{"type":"related-products","settings":{"heading":"You may also like","heading_size":"h2","products_to_show":4,"columns_desktop":4,"columns_mobile":"2","color_scheme":"scheme-1","image_ratio":"square","image_shape":"default","show_secondary_image":true,"show_vendor":false,"show_rating":false,"padding_top":36,"padding_bottom":28}}},"order":["main","related-products"]}