{"name":"t:sections.header.name","type":"header","sections":{"announcement-bar":{"type":"announcement-bar","blocks":{"announcement_PhDXHE":{"type":"announcement","settings":{"text":"Unbeatable New GST Prices","link":""}},"announcement_66kJFR":{"type":"announcement","settings":{"text":"COD available","link":""}},"announcement_8pJUqt":{"type":"announcement","settings":{"text":"Free & flexible 7 days return","link":""}},"announcement_BTCJEm":{"type":"announcement","settings":{"text":"Free shipping\/delivery most purchases","link":""}},"announcement-bar-0":{"type":"announcement","settings":{"text":"Welcome to our store","link":""}}},"block_order":["announcement_PhDXHE","announcement_66kJFR","announcement_8pJUqt","announcement_BTCJEm","announcement-bar-0"],"settings":{"auto_rotate":true,"change_slides_speed":3,"color_scheme":"scheme-4","show_line_separator":true,"show_social":false,"enable_country_selector":false,"enable_language_selector":false}},"header":{"type":"header","settings":{"logo_position":"top-center","mobile_logo_position":"center","menu":"main-menu","menu_type_desktop":"dropdown","sticky_header_type":"on-scroll-up","show_line_separator":true,"color_scheme":"scheme-1","menu_color_scheme":"scheme-1","enable_country_selector":true,"enable_language_selector":true,"enable_customer_avatar":true,"margin_bottom":0,"padding_top":20,"padding_bottom":20}}},"order":["announcement-bar","header"]}